<?xml version="1.0" encoding="UTF-8"?>
<!DOCTYPE fontscolors PUBLIC "-//NetBeans//DTD Editor Fonts and Colors settings 1.1//EN" "http://www.netbeans.org/dtds/EditorFontsColors-1_1.dtd">
<fontscolors>
    <fontcolor bgColor="darkGray" name="mark-occurrences"/>
    <fontcolor foreColor="ff81a2be" name="identifier"/>
    <fontcolor default="field" name="markup-attribute"/>
    <fontcolor default="identifier" name="method"/>
    <fontcolor foreColor="ffb5bd68" name="string"/>
    <fontcolor default="keyword" name="markup-element"/>
    <fontcolor default="string" foreColor="ffc10087" name="markup-attribute-value"/>
    <fontcolor bgColor="red" foreColor="white" name="error"/>
    <fontcolor default="default" name="entity-reference"/>
    <fontcolor foreColor="ffc5c8c6" name="separator"/>
    <fontcolor foreColor="ffc5c8c6" name="operator"/>
    <fontcolor name="url" underline="blue"/>
    <fontcolor foreColor="ffde935f" name="number"/>
    <fontcolor bgColor="ff1d1f21" foreColor="white" name="default">
        <font name="Consolas" size="14" style="plain"/>
    </fontcolor>
    <fontcolor default="identifier" name="field"/>
    <fontcolor foreColor="ffb5bd68" name="char"/>
    <fontcolor name="warning" waveUnderlined="yellow"/>
    <fontcolor foreColor="ff969896" name="comment">
        <font style="italic"/>
    </fontcolor>
    <fontcolor foreColor="ffb294bb" name="keyword"/>
    <fontcolor name="whitespace"/>
</fontscolors>
