<?xml version="1.0" encoding="UTF-8"?>
<!DOCTYPE fontscolors PUBLIC "-//NetBeans//DTD Editor Fonts and Colors settings 1.1//EN" "http://www.netbeans.org/dtds/EditorFontsColors-1_1.dtd">
<fontscolors>
    <fontcolor foreColor="ff464c45" name="code-folding"/>
    <fontcolor foreColor="ff0066ff" name="caret-color-insert-mode"/>
    <fontcolor bgColor="ffe0e8f1" foreColor="black" name="block-search"/>
    <fontcolor foreColor="ff191919" name="text-limit-line-color"/>
    <fontcolor bgColor="ffdfdfdf" name="readonly-files"/>
    <fontcolor bgColor="ffcccdfd" name="nbeditor-bracesMatching-match-multichar"/>
    <fontcolor bgColor="ff292929" foreColor="ff7d7d5d" name="line-number"/>
    <fontcolor foreColor="blue" name="hyperlinks" underline="blue"/>
    <fontcolor bgColor="ff1e1e1e" name="highlight-caret-row"/>
    <fontcolor foreColor="red" name="status-bar-bold"/>
    <fontcolor foreColor="ffcacac1" name="caret-color-overwrite-mode"/>
    <fontcolor bgColor="black" name="selection"/>
    <fontcolor name="status-bar"/>
    <fontcolor bgColor="ffffb442" foreColor="black" name="inc-search"/>
    <fontcolor foreColor="ffcc0099" name="synchronized-text-blocks-ext"/>
    <fontcolor foreColor="ff464c45" name="code-folding-bar"/>
    <fontcolor bgColor="ffffb442" foreColor="black" name="highlight-search"/>
    <fontcolor bgColor="ffd83636" name="nbeditor-bracesMatching-mismatch-multichar"/>
    <fontcolor foreColor="ff996600" name="synchronized-text-blocks-ext-slave"/>
    <fontcolor bgColor="ffdfdfdf" name="guarded"/>
    <fontcolor bgColor="ffcccdfd" name="nbeditor-bracesMatching-match"/>
    <fontcolor bgColor="ffd83636" name="nbeditor-bracesMatching-mismatch"/>
</fontscolors>
