<?xml version="1.0" encoding="UTF-8"?>
<library xmlns="http://www.netbeans.org/ns/library-declaration/3" version="3.0">
    <name>JavaFX11</name>
    <type>j2se</type>
    <display-name>JavaFX11</display-name>
    <volume>
        <type>classpath</type>
        <resource>jar:file:/usr/lib/jvm/javafx-sdk-11.0.2/lib/javafx-swt.jar!/</resource>
        <resource>jar:file:/usr/lib/jvm/javafx-sdk-11.0.2/lib/javafx.base.jar!/</resource>
        <resource>jar:file:/usr/lib/jvm/javafx-sdk-11.0.2/lib/javafx.controls.jar!/</resource>
        <resource>jar:file:/usr/lib/jvm/javafx-sdk-11.0.2/lib/javafx.fxml.jar!/</resource>
        <resource>jar:file:/usr/lib/jvm/javafx-sdk-11.0.2/lib/javafx.graphics.jar!/</resource>
        <resource>jar:file:/usr/lib/jvm/javafx-sdk-11.0.2/lib/javafx.media.jar!/</resource>
        <resource>jar:file:/usr/lib/jvm/javafx-sdk-11.0.2/lib/javafx.swing.jar!/</resource>
        <resource>jar:file:/usr/lib/jvm/javafx-sdk-11.0.2/lib/javafx.web.jar!/</resource>
    </volume>
    <volume>
        <type>src</type>
    </volume>
    <volume>
        <type>javadoc</type>
    </volume>
    <volume>
        <type>maven-pom</type>
    </volume>
    <properties/>
</library>
